{
  "version": "2.0",
  "logging": {
    "applicationInsights": {
      "samplingSettings": {
        "isEnabled": true,
        "excludedTypes": "Request"
      }
    },
    "logLevel": {
      "default": "Trace",
      "Host.Results": "Trace",
      "Function": "Trace",
      "Host.Aggregator": "Trace"
    },
    "fileLoggingMode": "always"
  },
  "functionTimeout": "00:10:00",
  "extensionBundle": {
    "id": "Microsoft.Azure.Functions.ExtensionBundle",
    "version": "[4.*, 5.0.0)"
  }
}